{
  "clientIp": "49.36.83.156",
  "requestId": "3049839f-aaa2-4e37-9baf-48c3a4f09b11",
  "userAgentDigest": "9c1ce27f08b16479d2e17743062b28ed",
  "userAgent": {
    "deviceClass": "Desktop",
    "deviceName": "Desktop",
    "osClass": "Desktop",
    "osName": "Windows NT",
    "agentClass": "Browser",
    "agentName": "Chrome",
    "agentVersionMajor": "120"
  },
  "location": {
    "countryIso": "IN",
    "countryName": "India",
    "subdivision1Iso": "GJ",
    "subdivision1Name": "Gujarat",
    "geonameId": "1255364",
    "cityName": "Surat",
    "postalCode": "395007"
  },
  "integrationData": {}
}
